<?xml version="1.0" encoding="UTF-8"?>
<project-private xmlns="http://www.netbeans.org/ns/project-private/1">
    <editor-bookmarks xmlns="http://www.netbeans.org/ns/editor-bookmarks/2" lastBookmarkId="0"/>
    <open-files xmlns="http://www.netbeans.org/ns/projectui-open-files/2">
        <group>
            <file>file:/C:/Users/Excalibur/OneDrive/Belgeler/NetBeansProjects/Se2224Project/src/se2224project/classes/Main.java</file>
            <file>file:/C:/Users/Excalibur/OneDrive/Belgeler/NetBeansProjects/Se2224Project/src/se2224project/textFiles/Usernames.txt</file>
            <file>file:/C:/Users/Excalibur/OneDrive/Belgeler/NetBeansProjects/Se2224Project/src/se2224project/classes/Stars.java</file>
            <file>file:/C:/Users/Excalibur/OneDrive/Belgeler/NetBeansProjects/Se2224Project/src/se2224project/classes/Movies.java</file>
            <file>file:/C:/Users/Excalibur/OneDrive/Belgeler/NetBeansProjects/Se2224Project/src/se2224project/Frames/LogInPage.java</file>
            <file>file:/C:/Users/Excalibur/OneDrive/Belgeler/NetBeansProjects/Se2224Project/src/se2224project/classes/Ratings.java</file>
            <file>file:/C:/Users/Excalibur/OneDrive/Belgeler/NetBeansProjects/Se2224Project/src/se2224project/Frames/MainPage.java</file>
        </group>
    </open-files>
</project-private>
